Date,Source,Sentiment,Sentiment Score,Label,Headline,Link
2024-08-26,ambcrypto,Sundog rallies 700%: What’s fueling the surge and can it sustain?,,0.29359803,4 stars,https://ambcrypto.com/sundog-rallies-700-whats-fueling-the-surge-and-can-it-sustain/
2024-08-26,ambcrypto,Ethereum ETFs struggle as Bitcoin ETFs see $252M inflows: Can ETH catch up?,,0.331376,2 stars,https://ambcrypto.com/ethereum-etfs-struggle-as-bitcoin-etfs-see-252m-inflows-can-eth-catch-up/
2024-08-26,ambcrypto,Is AMP crypto’s rally at risk? Signs of reversal emerge after 11% gain,,0.24934079,2 stars,https://ambcrypto.com/is-amp-cryptos-rally-at-risk-signs-of-reversal-emerge-after-11-gain/
2024-08-26,ambcrypto,Behind FLOKI’s 33% surge is a CAT strategy – Here’s how!,,0.34723872,3 stars,https://ambcrypto.com/behind-flokis-33-surge-is-a-cat-strategy-heres-how/
2024-08-26,ambcrypto,Solana’s slowing network activity: A red flag for SOL prices?,,0.36195877,3 stars,https://ambcrypto.com/solana-slowing-network-activity-a-red-flag-for-sol-prices/
2024-08-26,ambcrypto,XRP might soon rally towards $3 if these conditions are met,,0.34505183,3 stars,https://ambcrypto.com/xrp-might-soon-rally-towards-3-if-these-conditions-are-met/
2024-08-26,ambcrypto,Render price prediction: Why another 15% hike could be likely,,0.2988852,3 stars,https://ambcrypto.com/render-price-prediction-why-another-15-hike-could-be-likely/
2024-08-26,ambcrypto,Will Arbitrum breakout of this key pattern soon? Analysts predict a 2x rally,,0.39849287,2 stars,https://ambcrypto.com/will-arbitrum-breakout-of-this-key-pattern-soon-analysts-predict-a-2x-rally/
2024-08-26,ambcrypto,Solana: Analyst predicts SOL to $200 following a strategic $4.5M stake,,0.40131804,4 stars,https://ambcrypto.com/solana-analyst-predicts-sol-to-200-following-a-strategic-4-5m-stake/
2024-08-26,ambcrypto,PEPE eyes a 40% increase: Here’s what to expect and how to play it,,0.32129502,4 stars,https://ambcrypto.com/pepe-eyes-a-40-increase-heres-what-to-expect-and-how-to-play-it/
2024-08-26,ambcrypto,Bitcoin: All about Michael Saylor’s BTC boost and El Salvador’s strategy,,0.30987942,1 stars,https://ambcrypto.com/bitcoin-all-about-michael-saylors-btc-boost-and-el-salvadors-strategy/
2024-08-26,ambcrypto,Toncoin tumbles: Telegram founder’s arrest spurs sell-offs – What’s Next?,,0.44365343,1 stars,https://ambcrypto.com/toncoin-tumbles-telegram-founders-arrest-spurs-sell-offs-whats-next/
2024-08-26,ambcrypto,Ethereum exchange reserves hit record lows – Good news for ETH?,,0.39518827,2 stars,https://ambcrypto.com/ethereum-exchange-reserves-hit-record-lows-good-news-for-eth/
2024-08-26,ambcrypto,Dogecoin’s $0.13 target – Miners’ sell-off raises concerns,,0.4859465,1 stars,https://ambcrypto.com/dogecoins-0-13-target-miners-sell-off-raises-concerns/
2024-08-26,ambcrypto,"Is your crypto at risk? Avalanche, Polygon, and ZkSync Discords hacked!",,0.39024925,2 stars,https://ambcrypto.com/is-your-crypto-at-risk-avalanche-polygon-and-zksync-discords-hacked/
2024-08-26,ambcrypto,Polkadot: Can DOT hold above $5? Key levels to watch now!,,0.30540654,3 stars,https://ambcrypto.com/polkadot-can-dot-hold-above-5-key-levels-to-watch-now/
2024-08-26,Bitcoin.com News,Orange Juice Futures Hit All Time High Numbers Amidst Agricultural Commodity Rally,,0.32382658,1 stars,https://news.bitcoin.com/orange-juice-futures-hit-all-time-high-numbers-amidst-agricultural-commodity-rally/
2024-08-26,Bitcoin.com News,This Week’s Crypto Winners and Losers: SUN Skyrockets While TON Stumbles,,0.45460236,4 stars,https://news.bitcoin.com/this-weeks-crypto-winners-and-losers-sun-skyrockets-while-ton-stumbles/
2024-08-26,Bitcoin.com News,Trending Meme Coin Base Dawgz Tipped as Next Brett Raises $3 Million in Token Presale That Ends in 2 Days,,0.2518571,2 stars,https://news.bitcoin.com/trending-meme-coin-base-dawgz-tipped-as-next-brett-raises-3-million-in-token-presale-that-ends-in-2-days/
2024-08-26,Bitcoin.com News,SEC Charges Abra With Unregistered Sales of Crypto Asset Securities,,0.5561748,1 stars,https://news.bitcoin.com/sec-charges-abra-with-unregistered-sales-of-crypto-asset-securities/
2024-08-26,Bitcoin.com News,Paris Prosecutor’s Office Reveals Telegram CEO’s Arrest in Major Cybercrime Probe,,0.27502337,1 stars,https://news.bitcoin.com/paris-prosecutors-office-reveals-telegram-ceos-arrest-in-major-cybercrime-probe/
2024-08-26,Bitcoin.com News,Edward Snowden: Pavel Durov’s Arrest Is an Assault on Basic Human Rights,,0.26783764,1 stars,https://news.bitcoin.com/edward-snowden-pavel-durovs-arrest-is-an-assault-on-basic-human-rights/
2024-08-26,Bitcoin.com News,36% Chance for Durov’s Freedom in August: Polymarket’s High-Stakes Bet on Telegram Founder’s Fate,,0.44489023,1 stars,https://news.bitcoin.com/36-chance-for-durovs-freedom-in-august-polymarkets-high-stakes-bet-on-telegram-founders-fate/
2024-08-26,Bitcoin.com News,Playbet.io Announces “Win 1 BTC” Raffle: A Chance to Win Big,,0.2703128,4 stars,https://news.bitcoin.com/playbet-io-announces-win-1-btc-raffle-a-chance-to-win-big/
2024-08-26,Bitcoin.com News,Paypal’s PYUSD Stablecoin Reaches $1 Billion Market Cap in Just Over a Year,,0.25602534,1 stars,https://news.bitcoin.com/paypals-pyusd-stablecoin-reaches-1-billion-market-cap-in-just-over-a-year/
2024-08-26,Bitcoin.com News,Bitcoin Sets New Transaction Milestones as Top Ten Busiest Days Occurred in 2024,,0.24785756,5 stars,https://news.bitcoin.com/bitcoin-sets-new-transaction-milestones-as-top-ten-busiest-days-occurred-in-2024/
2024-08-26,bitcoinist,Stablecoin Metrics Continue To Set ATHs: Dry Powder Accumulating For Bitcoin?,,0.27737832,3 stars,https://bitcoinist.com/stablecoin-metrics-aths-dry-powder-bitcoin/
2024-08-26,bitcoinist,Billionaire Behind Bars: China’s Second-Richest Man Jailed For $5 Million Crypto Scam,,0.61741674,1 stars,https://bitcoinist.com/chinas-2nd-richest-man-jailed-for-5m-crypto-scam/
2024-08-26,bitcoinist,Cardano Founder Announces Key Updates At Rare Evo 2024,,0.33616698,4 stars,https://bitcoinist.com/cardano-founder-key-updates-rare-evo-2024/
2024-08-26,bitcoinist,Mpeppe Surges Past Husky Inu With Its 100x Gains HINU Investor Joins Their Rivals,,0.32893425,4 stars,https://bitcoinist.com/mpeppe-surges-past-husky-inu-with-its-100x-gains-hinu-investor-joins-their-rivals/
2024-08-26,bitcoinist,Presale Alert: Mpeppe’s Meteoric Rise Challenges Husky Inu’s Future,,0.44922045,4 stars,https://bitcoinist.com/presale-alert-mpeppes-meteoric-rise-challenges-husky-inus-future/
2024-08-26,bitcoinist,Mpeppe Mania: Dogecoin Investors Abandon Ship for the Next Big Meme Coin,,0.30916914,2 stars,https://bitcoinist.com/mpeppe-mania-dogecoin-investors-abandon-ship-for-the-next-big-meme-coin/
2024-08-26,bitcoinist,Dogecoin’s Downfall: Investors Bet on Mpeppe for 150x Profits,,0.30494836,2 stars,https://bitcoinist.com/dogecoins-downfall-investors-bet-on-mpeppe-for-150x-profits/
2024-08-26,bitcoinist,Ethereum Whales Invest In New Gambling Meme Cryptocurrency,,0.31768396,4 stars,https://bitcoinist.com/ethereum-whales-invest-in-new-gambling-meme-cryptocurrency/
2024-08-26,Coin-Journal,Bitpanda partners with CoinMENA to boost crypto adoption,,0.331653,5 stars,https://coinjournal.net/news/bitpanda-partners-with-coinmena-to-boost-crypto-adoption/
2024-08-26,Coin-Journal,SEC charges Abra for offering unregistered crypto securities,,0.5651934,1 stars,https://coinjournal.net/news/sec-charges-abra-for-offering-unregistered-crypto-securities/
2024-08-26,Coin-Journal,Warden announces the Artificial Intelligence Blockchain Interface (AIBI),,0.30534053,4 stars,https://coinjournal.net/news/warden-announces-the-artificial-intelligence-blockchain-interface-aibi/
2024-08-26,Coin-Journal,Stacks (STX) prepares for Nakamoto upgrade: here’s what to expect,,0.49067402,4 stars,https://coinjournal.net/news/stacks-stx-prepares-for-nakamoto-upgrade-heres-what-to-expect/
2024-08-26,Coin-Journal,Argentina’s Ministry of Education adds Ethereum to high school curriculum,,0.30148816,4 stars,https://coinjournal.net/news/argentinas-ministry-of-education-adds-ethereum-to-high-school-curriculum/
2024-08-26,Coin-Journal,DOGS launch impacts crypto exchanges and Telegram Wallet,,0.34687215,1 stars,https://coinjournal.net/news/dogs-launch-impacts-crypto-exchanges-and-telegram-wallet/
2024-08-26,Coin-Journal,"Telegram CEO’s arrest is “very concerning,” Tether CEO says",,0.3823441,1 stars,https://coinjournal.net/news/telegram-ceos-arrest-is-very-concerning-tether-ceo-says/
2024-08-26,Coin-Journal,"SUI, POODL price prediction as Binance lists TON meme coin DOGS",,0.24627192,2 stars,https://coinjournal.net/news/sui-poodl-price-prediction-as-binance-lists-ton-meme-coin-dogs/
2024-08-26,Coin-Journal,Shiba Inu unveils plans for a Decentralized Autonomous Organization,,0.31850415,4 stars,https://coinjournal.net/news/shiba-inu-unveils-plans-for-a-decentralized-autonomous-organization/
2024-08-26,Coindesk,It’s Time to Build a Sustainable Blockchain Ecosystem,,0.330666,1 stars,https://www.coindesk.com/opinion/2024/08/26/its-time-to-build-a-sustainable-blockchain-ecosystem/?utm_medium=referral&utm_source=rss&utm_campaign=headlines
2024-08-26,Coindesk,"Ether ETFs Have Bled Money, but That's Not the Whole Story",,0.4214476,2 stars,https://www.coindesk.com/business/2024/08/26/ether-etfs-have-bled-money-but-thats-not-the-whole-story/?utm_medium=referral&utm_source=rss&utm_campaign=headlines
2024-08-26,Coindesk,U.S. SEC Settles with Abra Over Unregistered Sales of Securities,,0.30669162,4 stars,https://www.coindesk.com/policy/2024/08/26/us-sec-settles-with-abra-over-unregistered-sales-of-securities/?utm_medium=referral&utm_source=rss&utm_campaign=headlines
2024-08-26,Coindesk,"SEC’s Case Against Kraken Will Proceed to Trial, California Judge Rules",,0.3185732,4 stars,https://www.coindesk.com/policy/2024/08/26/secs-case-against-kraken-will-proceed-to-trial-california-judge-rules/?utm_medium=referral&utm_source=rss&utm_campaign=headlines
2024-08-26,Coindesk,PayPal's Stablecoin Hits $1B Market Cap as Incentives Boost Activity on Solana,,0.31633666,5 stars,https://www.coindesk.com/markets/2024/08/26/paypals-stablecoin-hits-1b-market-cap-as-incentives-boost-activity-on-solana/?utm_medium=referral&utm_source=rss&utm_campaign=headlines
2024-08-26,Coindesk,Tokenized Treasury Funds Pass $2B Market Cap Amid BlackRock’s Explosive Growth,,0.787347,1 stars,https://www.coindesk.com/markets/2024/08/26/tokenized-treasury-funds-pass-2b-market-cap-amid-blackrocks-explosive-growth/?utm_medium=referral&utm_source=rss&utm_campaign=headlines
2024-08-26,Coindesk,‘My Living Nightmare’: Detained Binance Exec’s Wife Begs for His Immediate Release,,0.26703048,3 stars,https://www.coindesk.com/policy/2024/08/26/my-living-nightmare-detained-binance-execs-wife-begs-for-his-immediate-release/?utm_medium=referral&utm_source=rss&utm_campaign=headlines
2024-08-26,Coindesk,Accelerating Innovation in the DePIN Sector,,0.38206175,2 stars,https://www.coindesk.com/opinion/2024/08/26/accelerating-innovation-in-the-depin-sector/?utm_medium=referral&utm_source=rss&utm_campaign=headlines
2024-08-26,Coindesk,Crypto Startup Backed by Likes of Dragonfly Aims to Create Market to Trade Airdrop-Related Points,,0.30170947,4 stars,https://www.coindesk.com/tech/2024/08/26/crypto-startup-backed-by-likes-of-dragonfly-aims-to-create-market-to-trade-airdrop-related-points/?utm_medium=referral&utm_source=rss&utm_campaign=headlines
2024-08-26,Coindesk,Did RFK Jr. Really 'Drop Out'? Polymarket Bettors Argue Over Contract Resolution,,0.25327998,4 stars,https://www.coindesk.com/markets/2024/08/26/did-rfk-jr-really-drop-out-polymarket-bettors-argue-over-contract-resolution/?utm_medium=referral&utm_source=rss&utm_campaign=headlines
2024-08-26,Coindesk,The Fed’s Rate Cut Cushion Is Good News for Crypto,,0.2356707,1 stars,https://www.coindesk.com/opinion/2024/08/26/the-feds-rate-cut-cushion-is-good-news-for-crypto/?utm_medium=referral&utm_source=rss&utm_campaign=headlines
2024-08-26,Coindesk,CoinDesk 20 Performance Update: RNDR and SOL Lead Gains as Index Rises,,0.24920247,3 stars,https://www.coindesk.com/coindesk-indices/2024/08/26/coindesk-20-performance-update-rndr-and-sol-lead-gains-as-index-rises/?utm_medium=referral&utm_source=rss&utm_campaign=headlines
2024-08-26,Coindesk,First Mover Americas: Bitcoin Consolidates at $64K Before Next Push Higher,,0.23491721,1 stars,https://www.coindesk.com/markets/2024/08/26/first-mover-americas-bitcoin-consolidates-at-64k-before-next-push-higher/?utm_medium=referral&utm_source=rss&utm_campaign=headlines
2024-08-26,Coindesk,"India's CBDC Has 5M Users, Can be Phased in Gradually: Central Bank Governor",,0.27063274,4 stars,https://www.coindesk.com/policy/2024/08/26/indias-cbdc-has-5m-users-can-be-phased-in-gradually-central-bank-governor/?utm_medium=referral&utm_source=rss&utm_campaign=headlines
2024-08-26,Coindesk,"Bitcoin ETFs Log $250M Net Inflows, Highest Since July, After Rate Cut Signal at Jackson Hole",,0.30532163,4 stars,https://www.coindesk.com/markets/2024/08/26/bitcoin-etfs-log-250m-net-inflows-highest-since-july-after-rate-cut-signal-at-jackson-hole/?utm_medium=referral&utm_source=rss&utm_campaign=headlines
2024-08-26,Coindesk,"AI Tokens Lead Crypto Market Ahead of Nvidia Earnings, Bitcoin Under $64K",,0.39380994,5 stars,https://www.coindesk.com/markets/2024/08/26/ai-tokens-lead-crypto-market-ahead-of-nvidia-earnings-bitcoin-under-64k/?utm_medium=referral&utm_source=rss&utm_campaign=headlines
2024-08-26,Coindesk,Hong Kong Regulator Finds 'Unsatisfactory Practices' at Some Crypto Entities Seeking Full License: Report,,0.3361353,1 stars,https://www.coindesk.com/policy/2024/08/26/hong-kong-regulator-finds-unsatisfactory-practices-at-some-crypto-entities-seeking-full-license-report/?utm_medium=referral&utm_source=rss&utm_campaign=headlines
2024-08-26,Coindesk,Telegram Says It Is Compliant With EU Digital Services Act After Founder Pavel Durov's Arrest,,0.3251991,4 stars,https://www.coindesk.com/markets/2024/08/26/telegram-says-it-is-compliant-with-eu-digital-services-act-after-founder-pavel-durovs-arrest/?utm_medium=referral&utm_source=rss&utm_campaign=headlines
2024-08-25,Coindesk,TON Down 14% as Telegram CEO Pavel Durov Arrested in France,,0.2230057,1 stars,https://www.coindesk.com/markets/2024/08/25/ton-down-14-as-telegram-ceo-pavel-durov-arrested-in-france/?utm_medium=referral&utm_source=rss&utm_campaign=headlines
2024-08-23,Coindesk,"Bitcoin Surges to Nearly $64K, Adding to Gains as RFK Jr. Endorses Trump",,0.2892876,4 stars,https://www.coindesk.com/markets/2024/08/23/bitcoin-surges-to-nearly-64k-adding-to-gains-as-rfk-jr-endorses-trump/?utm_medium=referral&utm_source=rss&utm_campaign=headlines
2024-08-23,Coindesk,"Crypto Friendly RFK Jr. Drops White House Hunt, Will Lend Kennedy Name to Trump",,0.24174415,1 stars,https://www.coindesk.com/policy/2024/08/23/crypto-friendly-rfk-jr-drops-white-house-hunt-will-lend-kennedy-name-to-trump/?utm_medium=referral&utm_source=rss&utm_campaign=headlines
2024-08-23,Coindesk,"OK, Bloomer!",,0.2954064,4 stars,https://www.coindesk.com/opinion/2024/08/23/okay-bloomer/?utm_medium=referral&utm_source=rss&utm_campaign=headlines
2024-08-23,Coindesk,WazirX to Phase In Indian Rupee Withdrawals Starting Aug. 26,,0.3122648,5 stars,https://www.coindesk.com/business/2024/08/23/wazirx-to-phase-in-indian-rupee-withdrawals-starting-aug-26/?utm_medium=referral&utm_source=rss&utm_campaign=headlines
2024-08-23,Coindesk,Fed Chair Jerome Powell: Time Has Come for Policy to Adjust,,0.2840674,4 stars,https://www.coindesk.com/markets/2024/08/23/fed-chair-jerome-powell-time-has-come-for-policy-to-adjust/?utm_medium=referral&utm_source=rss&utm_campaign=headlines
2024-08-23,Coindesk,CoinDesk 20 Performance Update: AVAX and NEAR Surge as Index Climbs 1.5%,,0.27031943,3 stars,https://www.coindesk.com/coindesk-indices/2024/08/23/coindesk-20-performance-update-avax-and-near-surge-as-index-climbs-15/?utm_medium=referral&utm_source=rss&utm_campaign=headlines
2024-08-23,Coindesk,First Mover Americas: Will BTC React to Powell’s Jackson Hole Speech?,,0.33284858,4 stars,https://www.coindesk.com/markets/2024/08/23/first-mover-americas-will-btc-react-to-powells-jackson-hole-speech/?utm_medium=referral&utm_source=rss&utm_campaign=headlines
2024-08-23,Coindesk,MakerDAO to Offer Optional MKR Conversions for New Governance Token,,0.33444998,4 stars,https://www.coindesk.com/business/2024/08/23/makerdao-to-offer-optional-mkr-conversions-for-new-governance-token/?utm_medium=referral&utm_source=rss&utm_campaign=headlines
2024-08-23,Coindesk,"Bitcoin Mining Opportunity Is Worth About $74B, JPMorgan Says",,0.47324476,1 stars,https://www.coindesk.com/markets/2024/08/23/bitcoin-mining-opportunity-is-worth-about-74b-jpmorgan-says/?utm_medium=referral&utm_source=rss&utm_campaign=headlines
2024-08-23,Coindesk,Donald Trump Teases 'The DeFiant Ones' Crypto Project on Truth Social,,0.35139394,4 stars,https://www.coindesk.com/business/2024/08/23/donald-trump-teases-the-defiant-ones-crypto-project-on-truth-social/?utm_medium=referral&utm_source=rss&utm_campaign=headlines
2024-08-23,Coindesk,"DeFi Summer Is Making a Comeback, Steno Research Says",,0.26218936,4 stars,https://www.coindesk.com/markets/2024/08/23/defi-summer-is-making-a-comeback-steno-research-says/?utm_medium=referral&utm_source=rss&utm_campaign=headlines
2024-08-23,Coindesk,Bitcoin Tops $61K Before Powell's Jackson Hole Speech as Ether ETFs Face Record Outflows,,0.27648908,4 stars,https://www.coindesk.com/markets/2024/08/23/bitcoin-tops-61k-ahead-of-jackson-hole-as-ether-etfs-extend-record-outflow-streak/?utm_medium=referral&utm_source=rss&utm_campaign=headlines
2024-08-23,Coindesk,Australia's Securities Regulator Wins Case Against Kraken's Local Operator,,0.42182812,1 stars,https://www.coindesk.com/policy/2024/08/23/australias-securities-regulator-wins-case-against-krakens-local-operator/?utm_medium=referral&utm_source=rss&utm_campaign=headlines
2024-08-23,Coindesk,"Sony, Electronics Pioneer Behind Walkman, Starts Own Blockchain 'Soneium'",,0.29207635,4 stars,https://www.coindesk.com/tech/2024/08/23/sony-electronics-pioneer-behind-walkman-starts-own-blockchain-soneium/?utm_medium=referral&utm_source=rss&utm_campaign=headlines
2024-08-23,Coindesk,R.I.P. Unhosted Wallet Rule,,0.2853873,3 stars,https://www.coindesk.com/opinion/2024/08/23/rip-unhosted-wallet-rule/?utm_medium=referral&utm_source=rss&utm_campaign=headlines
2024-08-22,Coindesk,From Chaos to Crypto: The Crecimiento Movement Igniting Argentina,,0.26501724,4 stars,https://www.coindesk.com/opinion/2024/08/22/from-chaos-to-crypto-the-crecimiento-movement-igniting-argentina/?utm_medium=referral&utm_source=rss&utm_campaign=headlines
2024-08-22,Coindesk,Meeting Binance CEO Richard Teng,,0.25910547,4 stars,https://www.coindesk.com/opinion/2024/08/22/meeting-binance-ceo-richard-teng/?utm_medium=referral&utm_source=rss&utm_campaign=headlines
2024-08-22,Coindesk,CluCoin Founder Pleads Guilty to Stealing $1.1M of Investor Funds for Online Gambling,,0.26369748,3 stars,https://www.coindesk.com/policy/2024/08/22/clucoin-founder-pleads-guilty-to-stealing-11m-of-investor-funds-for-online-gambling/?utm_medium=referral&utm_source=rss&utm_campaign=headlines
2024-08-22,Coindesk,Crypto Promoter and Failed Politician Michelle Bond Accused of Illegally Taking FTX Cash,,0.38636526,1 stars,https://www.coindesk.com/policy/2024/08/22/crypto-promoter-and-failed-politician-michelle-bond-accused-of-illegally-taking-ftx-cash/?utm_medium=referral&utm_source=rss&utm_campaign=headlines
2024-08-22,Coindesk,"Sam Altman's Worldcoin Violated Data Policies, Colombia Regulator Says",,0.3230184,4 stars,https://www.coindesk.com/policy/2024/08/22/colombias-regulator-notifies-worldcoin-of-alleged-data-violation/?utm_medium=referral&utm_source=rss&utm_campaign=headlines
2024-08-22,Coindesk,OmegaPro Co-Founder Arrested in Turkey on Suspicion of $4B Ponzi Scheme: Reports,,0.2927255,4 stars,https://www.coindesk.com/policy/2024/08/22/omegapro-co-founder-arrested-in-turkey-on-suspicion-of-4m-ponzi-scheme-reports/?utm_medium=referral&utm_source=rss&utm_campaign=headlines
2024-08-22,Coindesk,Crypto for Advisors: Are Crypto SMAs Right for Institutions?,,0.23032314,3 stars,https://www.coindesk.com/business/2024/08/22/crypto-for-advisors-are-crypto-smas-right-for-institutions/?utm_medium=referral&utm_source=rss&utm_campaign=headlines
2024-08-22,Coindesk,CoinDesk 20 Performance Update: RNDR Surges 6.9% as Index Inches Higher,,0.7949244,5 stars,https://www.coindesk.com/coindesk-indices/2024/08/22/coindesk-20-performance-update-rndr-surges-69-as-index-inches-higher/?utm_medium=referral&utm_source=rss&utm_campaign=headlines
2024-08-22,Coindesk,Fed Chair Jerome Powell Expected to Set Stage for September Rate Cut,,0.30131695,4 stars,https://www.coindesk.com/markets/2024/08/22/fed-chair-jerome-powell-expected-to-set-stage-for-september-rate-cut/?utm_medium=referral&utm_source=rss&utm_campaign=headlines
2024-08-22,Coindesk,Memecoin Frenzy Reaches Tron as Justin Sun-Backed SunPump Rakes in Big Bucks,,0.48238003,5 stars,https://www.coindesk.com/markets/2024/08/22/memecoin-frenzy-reaches-tron-as-justin-sun-backed-sunpump-rakes-in-big-bucks/?utm_medium=referral&utm_source=rss&utm_campaign=headlines
2024-08-22,Coindesk,NEAR Blockchain Gets Major Upgrade to Add 'Stateless Validation',,0.2869236,4 stars,https://www.coindesk.com/tech/2024/08/22/near-blockchain-gets-major-upgrade-to-add-stateless-validation/?utm_medium=referral&utm_source=rss&utm_campaign=headlines
2024-08-22,Coindesk,Stablecoin Issuing System M^0 Employs Fireblocks for Crypto Custody,,0.25649413,4 stars,https://www.coindesk.com/business/2024/08/22/stablecoin-issuing-system-m0-employs-fireblocks-for-crypto-custody/?utm_medium=referral&utm_source=rss&utm_campaign=headlines
2024-08-22,Coindesk,Avalanche Becomes Latest Blockchain to Support Franklin Templeton's Tokenized Money Market Fund,,0.36971325,1 stars,https://www.coindesk.com/business/2024/08/22/avalanche-becomes-latest-blockchain-to-support-franklin-templetons-tokenized-money-market-fund/?utm_medium=referral&utm_source=rss&utm_campaign=headlines
2024-08-22,Coindesk,Crypto Asset Manager Grayscale Offers AVAX Token Investment in New Avalanche Trust,,0.2650626,3 stars,https://www.coindesk.com/business/2024/08/22/crypto-asset-manager-grayscale-offers-avax-token-investment-in-new-avalanche-trust/?utm_medium=referral&utm_source=rss&utm_campaign=headlines
2024-08-22,Coindesk,First Mover Americas: Bitcoin Advances Following Reports of RFK Jr. Withdrawal,,0.30628082,4 stars,https://www.coindesk.com/markets/2024/08/22/first-mover-americas-bitcoin-advances-following-reports-of-rfk-jr-withdrawal/?utm_medium=referral&utm_source=rss&utm_campaign=headlines
2024-08-22,Coindesk,Crypto OTC Desks Now Hold Over $22B in Bitcoin: CryptoQuant,,0.3151609,5 stars,https://www.coindesk.com/markets/2024/08/22/crypto-otc-desks-now-hold-over-22b-in-bitcoin-cryptoquant/?utm_medium=referral&utm_source=rss&utm_campaign=headlines
2024-08-26,Coinpedia,"Abra Settles With the SEC, Agrees to Pay Fine",,0.47239435,1 stars,https://coinpedia.org/news/abra-settles-with-the-sec-agrees-to-pay-fine/
2024-08-26,Coinpedia,Kraken Under the SEC Lawsuit Fire!,,0.4923993,1 stars,https://coinpedia.org/news/kraken-under-the-sec-lawsuit-fire/
2024-08-26,Coinpedia,"DOGS Token Skyrockets, Smart Trader Nets 400% Profit",,0.38271415,1 stars,https://coinpedia.org/news/dogs-token-skyrockets-smart-trader-nets-400-profit/
2024-08-26,Coinpedia,Russia is Ready to Start Crypto Trials!,,0.34344465,1 stars,https://coinpedia.org/cryptocurrency-regulation/russia-is-ready-to-start-crypto-trials/
2024-08-26,Coinpedia,Ethereum Sell-off Ahead? Institutions Dump $35M Worth of ETH,,0.59856474,1 stars,https://coinpedia.org/price-analysis/ethereum-sell-off-ahead-institutions-dump-35m-worth-of-eth/
2024-08-26,Coinpedia,Unlocking the Potential of Decentralized Finance with STAKING AI,,0.25921282,2 stars,https://coinpedia.org/sponsored/unlocking-the-potential-of-decentralized-finance-with-staking-ai/
2024-08-26,Coinpedia,"XRP Price Prediction: Analyst Suggests New Pattern Could Trigger 60,000% Surge; $7 on Cards",,0.28865185,2 stars,https://coinpedia.org/news/xrp-price-prediction-analyst-suggests-new-pattern-could-trigger-60000-surge-7-on-cards/
2024-08-26,Coinpedia,"Bitcoin’s $61,500 Level Is the Perfect Buy-the-Dip, Says Expert",,0.28167465,1 stars,https://coinpedia.org/price-analysis/bitcoins-61500-level-is-the-perfect-buy-the-dip-says-expert/
2024-08-26,Coinpedia,Crypto AI Sector Blooms with Bitcoin’s Rally FET and RCOF Rise by Over 55% with More Gains Coming,,0.30843574,1 stars,https://coinpedia.org/press-release/crypto-ai-sector-blooms-with-bitcoins-rally-fet-and-rcof-rise/
2024-08-26,Coinpedia,Bitcoin Mining Faces U.S.-China Tensions as Trump Pushes Domestic Control,,0.35545966,1 stars,https://coinpedia.org/news/chinese-bitcoin-mining-firm-dominance-under-threat-as-us-push-for-made-in-usa-mining/
2024-08-26,CoinTelegraph,President Trump and New York governor propose shift to nuclear energy,,0.27064237,1 stars,https://cointelegraph.com/news/president-trump-new-york-governor-propose-shift-nuclear-energy?utm_source=rss_feed&utm_medium=rss%3F1724710929768&utm_campaign=rss_partner_inbound
2024-08-26,CoinTelegraph,PayPal’s PYUSD stablecoin hits $1B market cap,,0.23629458,3 stars,https://cointelegraph.com/news/paypal-pyusd-stablecoin-1-billion-market-cap?utm_source=rss_feed&utm_medium=rss%3F1724710929768&utm_campaign=rss_partner_inbound
2024-08-26,CoinTelegraph,Cyberattacks target French government websites: Report,,0.44775626,1 stars,https://cointelegraph.com/news/cyberattacks-target-french-government-websites-report?utm_source=rss_feed&utm_medium=rss%3F1724710929768&utm_campaign=rss_partner_inbound
2024-08-26,CoinTelegraph,Telegram CEO Pavel Durov arrested in France: Law Decoded,,0.24112041,4 stars,https://cointelegraph.com/news/telegram-ceo-pavel-durov-arrested-france-law-decoded?utm_source=rss_feed&utm_medium=rss%3F1724710929768&utm_campaign=rss_partner_inbound
2024-08-26,CoinTelegraph,Abra settles with SEC over unregistered securities charges,,0.48004112,1 stars,https://cointelegraph.com/news/sec-abra-unregistered-crypto-securities?utm_source=rss_feed&utm_medium=rss%3F1724710929768&utm_campaign=rss_partner_inbound
2024-08-26,CoinTelegraph,Bitcoin’s weekend rally fizzles under $64K — Pro traders take neutral positions,,0.3764979,1 stars,https://cointelegraph.com/news/bitcoin-s-weekend-rally-fizzles-and-under-64-k-pro-traders-take-neutral-positions?utm_source=rss_feed&utm_medium=rss%3F1724710929768&utm_campaign=rss_partner_inbound
2024-08-26,CoinTelegraph,Rumpel Labs to launch platform for tokenizing airdrop points,,0.3216825,3 stars,https://cointelegraph.com/news/rumpel-labs-launch-platform-tokenizing-airdrop-points?utm_source=rss_feed&utm_medium=rss%3F1724710929768&utm_campaign=rss_partner_inbound
2024-08-26,CoinTelegraph,Here’s what happened in crypto today,,0.32856858,1 stars,https://cointelegraph.com/news/what-happened-in-crypto-today?utm_source=rss_feed&utm_medium=rss%3F1724710929768&utm_campaign=rss_partner_inbound
2024-08-26,CoinTelegraph,Bitcoin miner Rhodium files for bankruptcy in Texas court,,0.5722597,1 stars,https://cointelegraph.com/news/bitcoin-miner-rhodium-files-bankruptcy-texas?utm_source=rss_feed&utm_medium=rss%3F1724710929768&utm_campaign=rss_partner_inbound
2024-08-26,CoinTelegraph,Telegram is under investigation in India: Report,,0.32012513,1 stars,https://cointelegraph.com/news/telegram-under-investigation-india-report?utm_source=rss_feed&utm_medium=rss%3F1724710929768&utm_campaign=rss_partner_inbound
2024-08-26,CoinTelegraph,"Price analysis 8/26: SPX, DXY, BTC, ETH, BNB, SOL, XRP, DOGE, TON, ADA",,0.3118635,3 stars,https://cointelegraph.com/news/price-analysis-8-26-spx-dxy-btc-eth-bnb-sol-xrp-doge-ton-ada?utm_source=rss_feed&utm_medium=rss%3F1724710929768&utm_campaign=rss_partner_inbound
2024-08-26,CoinTelegraph,US authorities oppose ex-FTX exec’s motion to void plea deal,,0.51670253,1 stars,https://cointelegraph.com/news/ftx-exec-motion-void-plea-deal-opposed?utm_source=rss_feed&utm_medium=rss%3F1724710929768&utm_campaign=rss_partner_inbound
2024-08-26,CoinTelegraph,EigenLayer’s EigenDA to support layer-2 native token restaking,,0.32708338,4 stars,https://cointelegraph.com/news/eigenlayer-eigenda-support-layer-2-native-token-restaking?utm_source=rss_feed&utm_medium=rss%3F1724710929768&utm_campaign=rss_partner_inbound
2024-08-26,CoinTelegraph,French authorities can hold Pavel Durov until Aug. 28,,0.5896922,1 stars,https://cointelegraph.com/news/french-authorities-pavel-durov-custody?utm_source=rss_feed&utm_medium=rss%3F1724710929768&utm_campaign=rss_partner_inbound
2024-08-26,CoinTelegraph,Ethereum&#039;s 40-month slump vs. Bitcoin won&#039;t end in a dollar &#039;freefall&#039; scenario,,0.25570372,3 stars,https://cointelegraph.com/news/ethereum-40-month-slump-bitcoin-dollar-freefall-scenario?utm_source=rss_feed&utm_medium=rss%3F1724710929768&utm_campaign=rss_partner_inbound
2024-08-26,CoinTelegraph,France’s Macron denies Pavel Durov arrest was political,,0.53324187,1 stars,https://cointelegraph.com/news/france-president-emmanuel-macron-pavel-durov-arrest-not-political?utm_source=rss_feed&utm_medium=rss%3F1724710929768&utm_campaign=rss_partner_inbound
2024-08-26,CoinTelegraph,Bitcoin liquidity sinks to $62.5K as BTC price struggles at US open,,0.43349946,1 stars,https://cointelegraph.com/news/bitcoin-liquidity-sinks-62-5-k-btc-price-struggles-us-open?utm_source=rss_feed&utm_medium=rss%3F1724710929768&utm_campaign=rss_partner_inbound
2024-08-26,CoinTelegraph,"Crypto-Sec: DeFi Saver ownership phish, iVest shuts down after attack, plus hackathon clipboard hijack",,0.5776403,1 stars,https://cointelegraph.com/magazine/crypto-sec-defi-phishing-malware-hackathon/?utm_source=rss_feed&utm_medium=rss%3F1724710929768&utm_campaign=rss_partner_inbound
2024-08-26,CoinTelegraph,4 reasons why Bitcoin may see $60K before $70K,,0.3671403,1 stars,https://cointelegraph.com/news/4-reasons-why-bitcoin-may-re-test-60-k-before-70-k?utm_source=rss_feed&utm_medium=rss%3F1724710929768&utm_campaign=rss_partner_inbound
2024-08-26,CoinTelegraph,Argentina adds Ethereum to Buenos Aires high school curriculum,,0.25845194,3 stars,https://cointelegraph.com/news/argentina-ethereum-education-buenos-aires-schools?utm_source=rss_feed&utm_medium=rss%3F1724710929768&utm_campaign=rss_partner_inbound
2024-08-26,CoinTelegraph,Stacks&#039; Nakamoto Upgrade will revolutionize DeFi on Bitcoin,,0.3077055,4 stars,https://cointelegraph.com/news/stacks-nakamoto-upgrade-bringing-new-era-bitcoin-defi?utm_source=rss_feed&utm_medium=rss%3F1724710929768&utm_campaign=rss_partner_inbound
2024-08-26,CoinTelegraph,Bitcoin poised for breakout as US money market funds reach $6.2T,,0.35457772,1 stars,https://cointelegraph.com/news/us-money-market-funds-bitcoin-breakout?utm_source=rss_feed&utm_medium=rss%3F1724710929768&utm_campaign=rss_partner_inbound
2024-08-26,CoinTelegraph,India amasses 5M central bank digital currency users,,0.36165002,1 stars,https://cointelegraph.com/news/india-cbdc-pilot-5-million-users?utm_source=rss_feed&utm_medium=rss%3F1724710929768&utm_campaign=rss_partner_inbound
2024-08-26,CoinTelegraph,Vitalik Buterin responds to criticism that Ethereum ‘doesn’t care’ about DeFi,,0.29069337,1 stars,https://cointelegraph.com/news/vitalik-buterin-defends-defi-after-critique?utm_source=rss_feed&utm_medium=rss%3F1724710929768&utm_campaign=rss_partner_inbound
2024-08-26,CoinTelegraph,Concerns grow over Binance executive’s health during detention in Nigeria,,0.34082687,1 stars,https://cointelegraph.com/news/nigerian-binance-executive-tigran-gambaryan-detention-health-concerns?utm_source=rss_feed&utm_medium=rss%3F1724710929768&utm_campaign=rss_partner_inbound
2024-08-26,CoinTelegraph,Crypto investment products see largest inflows in 5 weeks,,0.43151498,1 stars,https://cointelegraph.com/news/crypto-investment-largest-inflows-5-weeks?utm_source=rss_feed&utm_medium=rss%3F1724710929768&utm_campaign=rss_partner_inbound
2024-08-26,CoinTelegraph,Bitcoin Runes records 15.6M NFT transactions in 4 months,,0.30971566,1 stars,https://cointelegraph.com/news/bitcoin-runes-nft-protocol-transaction-fees-stats?utm_source=rss_feed&utm_medium=rss%3F1724710929768&utm_campaign=rss_partner_inbound
2024-08-26,CoinTelegraph,NFTs show signs of life as weekly volumes turn positive,,0.3582905,1 stars,https://cointelegraph.com/news/nft-weekly-sales-surge-top-blockchains?utm_source=rss_feed&utm_medium=rss%3F1724710929768&utm_campaign=rss_partner_inbound
2024-08-26,CoinTelegraph,BTC price dip gone by September? 5 things to know in Bitcoin this week,,0.622114,1 stars,https://cointelegraph.com/news/btc-price-dip-gone-september-5-things-bitcoin-this-week?utm_source=rss_feed&utm_medium=rss%3F1724710929768&utm_campaign=rss_partner_inbound
2024-08-26,CoinTelegraph,Binance Labs says new AI investments will support wave of AI-powered DApps,,0.25678888,1 stars,https://cointelegraph.com/news/binance-labs-ai-startups-investments?utm_source=rss_feed&utm_medium=rss%3F1724710929768&utm_campaign=rss_partner_inbound
2024-08-26,Crypto-Economist,Ripple Documents Unveil Shock Use Case For XRP: Can This Drive the Crypto Market Upwards?,,0.34827128,4 stars,https://en.cryptonomist.ch/2024/08/26/ripple-documents-unevil-shock-use-case-xrp/
2024-08-26,Crypto-Economist,Bitcoin Runes: the NFT protocol records 15.6 million transactions in just 4 months,,0.30152732,1 stars,https://en.cryptonomist.ch/2024/08/26/bitcoin-runes-the-nft-protocol-records-15-6-million-transactions-in-just-4-months/
2024-08-26,Crypto-Economist,Anchorage: rewards on PayPal’s stablecoin,,0.25482434,4 stars,https://en.cryptonomist.ch/2024/08/26/anchorage-rewards-on-paypals-stablecoin/
2024-08-26,Crypto-Economist,Argentina introduces Ethereum and blockchain Technology into the educational curriculum,,0.33808047,4 stars,https://en.cryptonomist.ch/2024/08/26/argentina-introduces-ethereum-and-blockchain-technology-into-the-educational-curriculum/
2024-08-26,Crypto-Economist,Vitalik Buterin responds to accusations of neglecting DeFi: priority to the sustainability of Ethereum,,0.2574419,2 stars,https://en.cryptonomist.ch/2024/08/26/vitalik-buterin-responds-to-accusations-of-neglecting-defi-priority-to-the-sustainability-of-ethereum/
2024-08-26,Crypto-Economist,New Meme Coin Base Dawgz Raises $3 Million In Presale – Best Crypto To Buy Now?,,0.236026,4 stars,https://en.cryptonomist.ch/2024/08/26/new-meme-coin-base-dawgz-raises-3-million-in-presale-best-crypto-to-buy-now/
2024-08-26,Crypto-Economist,The CBDC of India reaches 5 million users: a gradual introduction according to the Governor of the Central Bank,,0.28196472,4 stars,https://en.cryptonomist.ch/2024/08/26/the-cbdc-of-india-reaches-5-million-users-a-gradual-introduction-according-to-the-governor-of-the-central-bank/
2024-08-26,Crypto-Economist,"Best 3 Cryptos To Accumulate Before The Upcoming End of Year Bull Run: Dogecoin, Cardano, and Rollblock",,0.28067786,4 stars,https://en.cryptonomist.ch/2024/08/26/best-3-cryptos-accumulate-dogecoin-cardano-rollblock/
2024-08-26,Crypto-Economist,"The AI tokens of the crypto market lead the weekend bull, awaiting the quarterly reports of the giant Nvidia",,0.30340177,4 stars,https://en.cryptonomist.ch/2024/08/26/the-ai-tokens-of-the-crypto-market-lead-the-weekend-bull-awaiting-the-quarterly-reports-of-the-giant-nvidia/
2024-08-26,Crypto-Economist,Top 6 Free Cloud Mining Sites in 2024-Ultimate Guide 2024,,0.35530117,4 stars,https://en.cryptonomist.ch/2024/08/26/top-6-free-cloud-mining-sites-2024/
2024-08-26,crypto-economy,EigenDA Introduces ERC-20 Restaking for Layer-2 Networks: What You Need to Know,,0.3225938,4 stars,https://crypto-economy.com/eigenda-introduces-erc-20-restaking-for-layer-2-networks-what-you-need-to-know/
2024-08-26,crypto-economy,STX Gains Momentum Ahead of Stacks’ Nakamoto Upgrade – What to Expect,,0.2861928,4 stars,https://crypto-economy.com/stx-gains-momentum-ahead-of-stacks-nakamoto-upgrade-what-to-expect/
2024-08-26,crypto-economy,Bitcoin Bid Liquidity Tanks—Will the $62.5k Dip Trigger a Sell-Off?,,0.36563388,2 stars,https://crypto-economy.com/bitcoin-bid-liquidity-tanks-will-the-62-5k-dip-trigger-a-sell-off/
2024-08-26,crypto-economy,Tron Community Raises Energy Cap to 120B: What Does This Mean?,,0.23384188,2 stars,https://crypto-economy.com/tron-community-raises-energy-cap-to-120b-what-does-this-mean/
2024-08-26,crypto-economy,Crypto Sees Largest Weekly Inflow in 5 Weeks—Bitcoin and ETH ETFs in the Spotlight,,0.52973104,1 stars,https://crypto-economy.com/crypto-sees-largest-weekly-inflow-in-5-weeks-bitcoin-and-eth-etfs-in-the-spotlight/
2024-08-26,crypto-economy,Tokenized US Treasuries Reach $2B Milestone as Private Credit Drives RWA Growth,,0.33212686,1 stars,https://crypto-economy.com/tokenized-us-treasuries-reach-2b-milestone-as-private-credit-drives-rwa-growth/
2024-08-26,crypto-economy,Bitcoin Runes Protocol Nets $162M in Fees as NFT Activity Explodes in 4 Months,,0.24905013,2 stars,https://crypto-economy.com/bitcoin-runes-protocol-nets-162m-in-fees-as-nft-activity-explodes-in-4-months/
2024-08-26,crypto-economy,Avalanche and ZKsync Discords Compromised: Fake Token Links Spark Security Concerns,,0.51624525,1 stars,https://crypto-economy.com/avalanche-and-zksync-discords-compromised-fake-token-links-spark-security-concerns/
2024-08-26,crypto-economy,Artificial Superintelligence Alliance (FET) Token Skyrockets After Nvidia’s Surprising Earnings,,0.33853355,4 stars,https://crypto-economy.com/artificial-superintelligence-alliance-fet-token-skyrockets-after-nvidias-surprising-earnings/
2024-08-26,crypto-economy,Justin Sun to Donate $1M to DAO for Telegram Founder’s Release—Crypto Community Rallies,,0.32921097,1 stars,https://crypto-economy.com/justin-sun-to-donate-1m-to-dao-for-telegram-founders-release-crypto-community-rallies/
Unknown,Cryptonews,BlackRock’s BUIDL Leads Surge as Tokenized Treasury Funds Cross $2 Billion,,0.42612863,1 stars,https://cryptonews.com/news/blackrocks-buidl-leads-surge-as-tokenized-treasury-funds-cross-2-billion.htm
Unknown,Cryptonews,Can Bitcoin Break 65k Today? Fed Pivot and ETF Activity Suggest So,,0.25908533,2 stars,https://cryptonews.com/news/can-bitcoin-break-65k-today-fed-pivot-and-etf-activity-suggest-so.htm
Unknown,Cryptonews,Trump’s Crypto Channel Issues Alert on Fake Tokens and Scams,,0.5715371,1 stars,https://cryptonews.com/news/trumps-crypto-channel-issues-alert-on-fake-tokens-and-scams.htm
Unknown,Cryptonews,Donald Trump and Kamala Harris Neck And Neck In Polymarket Poll,,0.3073406,1 stars,https://cryptonews.com/news/donald-trump-and-kamala-harris-neck-and-neck-in-polymarket-poll.htm
Unknown,Cryptonews,AI Crypto Bullish As NVIDIA Earnings Projected to Reach 141% YoY,,0.54817027,1 stars,https://cryptonews.com/news/ai-crypto-bullish-as-nvidia-earnings-projected-to-reach-141-yoy.htm
Unknown,Cryptonews,Vitalik Buterin Pushes Back Against Critics of Ethereum’s DeFi Strategy,,0.27451923,1 stars,https://cryptonews.com/news/vitalik-buterin-pushes-back-against-critics-of-ethereums-defi-strategy.htm
Unknown,Cryptonews,What’s Happening In Crypto Today? Daily Crypto News Digest,,0.30894023,1 stars,https://cryptonews.com/news/whats-happening-in-crypto-today-daily-crypto-news-digest.htm
Unknown,Cryptonews,Crypto Investment Inflows Surged Last Week Following Powell’s Speech – CoinShares,,0.28461632,2 stars,https://cryptonews.com/news/crypto-investments-surged-after-powells-speech-coinshares.htm
Unknown,Cryptonews,"Crypto All-Stars Raises Over $770K in Presale – Limited Time to Get 1,882% APY",,0.31309128,4 stars,https://cryptonews.com/news/crypto-all-stars-raises-over-770k-in-presale-limited-time-to-get-1882-apy.htm
Unknown,Cryptonews,"Meme Coin News: SunPump Surpasses 3M in Volume, TRON-Based SunDog Listed on Bybit",,0.49876988,1 stars,https://cryptonews.com/news/meme-coin-news-sunpump-surpasses-3m-in-volume-tron-based-sundog-listed-on-bybit.htm
Unknown,Cryptonews,Bitpanda and CoinMENA Join Forces for Crypto Expansion in MENA Region,,0.3042698,4 stars,https://cryptonews.com/news/bitpanda-and-coinmena-join-forces-for-crypto-expansion-in-mena-region.htm
Unknown,Cryptonews,India’s Central Bank Governor Advises Gradual Nationwide Rollout as CBDC Reaches 5M Users,,0.35578477,1 stars,https://cryptonews.com/news/indias-central-bank-governor-advises-gradual-nationwide-rollout-as-cbdc-reaches-5m-users.htm
Unknown,Cryptonews,Thai Authorities Raid Illegal Bitcoin Mining Operation Amid Power Outage,,0.479282,1 stars,https://cryptonews.com/news/thai-authorities-raid-illegal-bitcoin-mining-operation-amid-power-outage.htm
Unknown,Cryptonews,Stablecoin Market Cap Hits Record High of $168 Billion After 11 Months of Growth,,0.43721357,1 stars,https://cryptonews.com/news/stablecoin-market-cap-hits-record-high-of-168-billion-after-11-months-of-growth.htm
Unknown,Cryptonews,Binance to List First Bank-Backed MiCA-Compliant Stablecoin ‘EURI’,,0.3049529,1 stars,https://cryptonews.com/news/binance-to-list-first-bank-backed-mica-compliant-stablecoin-euri.htm
Unknown,Cryptonews,Argentina to Include Ethereum and Blockchain in High School Curricula,,0.24521552,4 stars,https://cryptonews.com/news/argentina-to-include-ethereum-in-high-school-curricula.htm
Unknown,Cryptonews,Shiba Inu Memecoin Prepares to Roll Out DAO,,0.25017056,2 stars,https://cryptonews.com/news/shiba-inu-meme-coin-prepares-dao-launch.htm
Unknown,Cryptonews,"Bitcoin Price Outlook: Testing Crucial $65,000 Resistance—Will BTC Breakout or Pull Back?",,0.41125813,1 stars,https://cryptonews.com/news/bitcoin.htm
Unknown,Cryptonews,Apple Mac Users Warned About ‘Cthulhu Stealer’ Malware Targeting Crypto Wallets,,0.63216746,1 stars,https://cryptonews.com/news/apple-mac-users-warned-about-cthulhu-stealer-malware-targeting-crypto-wallets.htm
Unknown,Cryptonews,"TRON Founder Justin Sun Proposes ‘FreePavel DAO’, Pledges $1M Funding",,0.3446522,1 stars,https://cryptonews.com/news/tron-founder-justin-sun-proposes-freepavel-dao-pledges-1m-funding.htm
2024-08-26,Cryptopolitan,Under $1 Cryptocurrency To Surpass Dogecoin (DOGE) Performance in 2024,,0.3691696,4 stars,https://www.cryptopolitan.com/under-1-cryptocurrency-to-surpass-dogecoin-doge-performance-in-2024/
2024-08-26,Cryptopolitan,Bitcoin mining company Rhodium declares bankruptcy,,0.5786207,1 stars,https://www.cryptopolitan.com/rhodium-declares-bankruptcy/
2024-08-26,Cryptopolitan,OpenAI backs California bill requiring AI-generated content to be labeled,,0.33528382,4 stars,https://www.cryptopolitan.com/california-bill-ai-generated-content/
2024-08-26,Cryptopolitan,India opens investigation into Telegram after CEO’s France arrest,,0.3007501,2 stars,https://www.cryptopolitan.com/india-opens-investigation-into-telegram/
2024-08-26,Cryptopolitan,Meta Platforms secures geothermal energy deal with Sage Geosystems to power U.S. data centers,,0.31883818,4 stars,https://www.cryptopolitan.com/meta-platforms-secures-geothermal-energy/
2024-08-26,Cryptopolitan,French websites offline amid DDoS attack – Russian hackers blamed,,0.6030565,1 stars,https://www.cryptopolitan.com/french-websites-offline-ddos-attack-russia/
2024-08-26,Cryptopolitan,Abra hit with SEC charges for unregistered crypto sales,,0.39347318,1 stars,https://www.cryptopolitan.com/abra-sec-unregistered-crypto-securities-sale/
2024-08-26,Cryptopolitan,Elon Musk reveals Tesla’s advanced AI supercluster,,0.41125393,4 stars,https://www.cryptopolitan.com/elon-musk-reveals-teslas-advanced-ai/
2024-08-26,Cryptopolitan,France prosecutors release official charges against Pavel Durov,,0.29952088,1 stars,https://www.cryptopolitan.com/france-prosecutor-official-charges-pavel/
2024-08-26,Cryptopolitan,China’s tech titans ramp up AI investments in response to U.S. sanctions,,0.2766187,2 stars,https://www.cryptopolitan.com/china-tech-titans-ramp-up-ai-investments/
Unknown,Crypto-Potato,Thai Law Authorities Raid Illegal Bitcoin Mining Facility: Report,,0.4854267,1 stars,https://cryptopotato.com/thai-law-authorities-raid-illegal-bitcoin-mining-facility-report/
Unknown,Crypto-Potato,Bitcoin Leads with $543M in Inflows Amid Powell’s Jackson Hole Comments,,0.73193794,1 stars,https://cryptopotato.com/bitcoin-leads-with-543m-in-inflows-amid-powells-jackson-hole-comments/
Unknown,Crypto-Potato,Why Was Pavel Durov Arrested? Details Emerge,,0.52009714,1 stars,https://cryptopotato.com/why-was-pavel-durov-arrested-details-emerge/
Unknown,Crypto-Potato,"DOGS Take Center Stage on WEEX WE-Launch: Users can Trade Fee-Free and Participate in an 1,000,000 Tokens Airdrop",,0.3897,5 stars,https://cryptopotato.com/dogs-take-center-stage-on-weex-we-launch-users-can-trade-fee-free-and-participate-in-an-1000000-tokens-airdrop/
Unknown,Crypto-Potato,Stablecoins Hit Record Market Cap of Nearly $170 Billion After Year of Growth,,0.61273944,5 stars,https://cryptopotato.com/stablecoins-hit-record-market-cap-of-nearly-170-billion-after-year-of-growth/
Unknown,Crypto-Potato,Ethereum Price Analysis: ETH Bulls Eye $2.8K but Worrying Signs Appear,,0.34045443,2 stars,https://cryptopotato.com/ethereum-price-analysis-eth-bulls-eye-2-8k-but-worrying-signs-appear/
Unknown,Crypto-Potato,Base Dawgz Meme Coin Presale Raises $3M and Enters Final Days Before Exchange Listings,,0.3443401,2 stars,https://cryptopotato.com/base-dawgz-meme-coin-presale-raises-3m-and-enters-final-days-before-exchange-listings/
Unknown,Crypto-Potato,PEPE Price Rises 25% in a Week as Pepe Unchained Presale Passes $10.5M Mark,,0.32236558,3 stars,https://cryptopotato.com/pepe-price-rises-25-in-a-week-as-pepe-unchained-presale-passes-10-5m-mark/
Unknown,Crypto-Potato,Google Gemini Names Next Crypto to Get an ETF,,0.32709196,3 stars,https://cryptopotato.com/google-gemini-names-next-crypto-to-get-an-etf/
Unknown,Crypto-Potato,Warden Announces the Artificial Intelligence Blockchain Interface (AIBI),,0.3285265,4 stars,https://cryptopotato.com/warden-announces-the-artificial-intelligence-blockchain-interface-aibi/
2024-08-26,cryptodnes,Аржентина интегрира обучение за Етериум в гимназиите в Буенос Айрес,,0.28287032,1 stars,https://cryptodnes.bg/arjentina-integrira-obuchenie-za-ethereum-v-gimnaziite-v-buenos-aires/
2024-08-26,cryptodnes,Предлагането на Етериум на борсите достигна исторически минимум,,0.29340357,2 stars,https://cryptodnes.bg/predlaganeto-ethereum-borsite-dostigna-istoricheski-minimum/
2024-08-26,cryptodnes,Президентът на Франция с първи думи относно ареста на директора на Telegram,,0.39115962,1 stars,https://cryptodnes.bg/prezidentut-franciq-purvi-dumi-otnosno-aresta-direktora-telegram/
2024-08-26,cryptodnes,Binance с важно съобщение за Toncoin (TON),,0.27422467,4 stars,https://cryptodnes.bg/binance-%d1%81-%d0%b2%d0%b0%d0%b6%d0%bd%d0%be-%d1%81%d1%8a%d0%be%d0%b1%d1%89%d0%b5%d0%bd%d0%b8%d0%b5-%d0%b7%d0%b0-toncoin-ton/
2024-08-26,cryptodnes,"Bitget стартира P2P защитен слой „Shield“, за да гарантира безопасността и да намали загубите на потребителите",,0.2541798,4 stars,https://cryptodnes.bg/bitget-startira-p2p-zashtite-sloi-shield-za-da-garantira-bezopasnostta-namali-zagubite-potrebitelite/
2024-08-26,cryptodnes,"Base Dawgz приключва ICO-то си след 2 дена, събра над $3 милиона досега",,0.46460366,1 stars,https://cryptodnes.bg/base-dawgz-prikluchva-ico-to-si-sled-2-dena-subra-nad-3-miliona-dosega/
2024-08-26,cryptodnes,Основателят на 3AC разкри покупка на Toncoin (TON) на фона на пазарната волатилност,,0.33624452,1 stars,https://cryptodnes.bg/osnovatelyat-na-3ac-razkri-pokupka-na-toncoin-ton-na-fona-na-pazarnata-volatilnost/
2024-08-26,cryptodnes,"Анализатор прогнозира шорт скуиз на Биткойн, тъй като мечките са изправени пред загуби",,0.5893585,1 stars,https://cryptodnes.bg/analizator-prognozira-short-skuiz-na-bitcoin-tui-kato-mechkite-sa-izpraveni-pred-zagubi/
2024-08-26,cryptodnes,Голям крипто кит увеличава дела си в Dogwifhat (WIF),,0.24804185,2 stars,https://cryptodnes.bg/golyam-kripto-kit-uvelichava-dela-si-v-dogwifhat-wif/
2024-08-26,cryptodnes,Топ причини защо цената на Биткойн може да тръгне надолу?,,0.4697535,1 stars,https://cryptodnes.bg/top-prichini-zashto-cenata-bitcoin-moje-trugne-nadolu/
2024-08-26,Dailycoin,"Telegram CEO’s Arrest is Not Political, Claims French President: Tech Leaders Disagree",,0.45706734,1 stars,https://dailycoin.com/telegram-ceos-arrest-is-not-political-claims-french-president-tech-leaders-disagree/
2024-08-26,Dailycoin,Are Your Telegram Messages Safe After CEO Arrested?,,0.30269703,1 stars,https://dailycoin.com/are-your-telegram-messages-safe-after-ceo-arrested/
2024-08-26,Dailycoin,TON Community Rallies Behind Telegram CEO Amid Arrest Crisis,,0.23364396,1 stars,https://dailycoin.com/ton-community-rallies-behind-telegram-ceo-amid-arrest-crisis/
2024-08-26,Dailycoin,Trump or Harris? Crypto Can’t Decide as Polymarket Bets Flip-Flop,,0.2853846,1 stars,https://dailycoin.com/trump-or-harris-crypto-cant-decide-as-polymarket-bets-flip-flop/
2024-08-26,Dailycoin,"El Salvador Sides with Telegram’s CEO, Advocates Free Speech",,0.30700788,1 stars,https://dailycoin.com/el-salvador-sides-with-telegrams-ceo-advocates-free-speech/
2024-08-26,Dailycoin,Ethereum Foundation & Vitalik’s DeFi Values Questioned: Where Do They Stand?,,0.3018361,1 stars,https://dailycoin.com/ethereum-foundation-vitaliks-defi-values-questioned-where-do-they-stand/
2024-08-26,Dailycoin,Trump Rebrands Crypto Platform to “World Liberty Finance”,,0.3552936,1 stars,https://dailycoin.com/trump-rebrands-crypto-platform-to-world-liberty-finance/
2024-08-26,Dailycoin,"Bybit Issues LUNC Delist Warning, Rattling Community",,0.4350601,1 stars,https://dailycoin.com/bybit-issues-lunc-delist-warning-rattling-community/
2024-08-26,Dailycoin,"Shiba Inu Fires Up SHIB DAO, Anchored in Dual Council Mode",,0.28903106,1 stars,https://dailycoin.com/shiba-inu-fires-up-shib-dao-anchored-in-dual-council-mode/
2024-08-26,Dailycoin,Semler Scientific Bolsters Bitcoin Holdings with $5M BTC Purchase,,0.43077105,1 stars,https://dailycoin.com/semler-scientific-bolsters-bitcoin-holdings-with-5m-btc-purchase/
2024-08-26,Daily-Hodl,"$533,000,000 Flows Into Crypto Products Following Hints of Fed Rate Cuts: CoinShares",,0.3351198,1 stars,https://dailyhodl.com/2024/08/26/533000000-flows-into-crypto-products-following-hints-of-fed-rate-cuts-coinshares/
2024-08-26,Daily-Hodl,"Macro Conditions Look Bullish for Bitcoin As Massive Supply Overhang Now Mostly Settled, Says Analyst",,0.33882946,2 stars,https://dailyhodl.com/2024/08/26/macro-conditions-look-bullish-for-bitcoin-as-massive-supply-overhang-now-mostly-settled-says-analyst/
2024-08-26,Daily-Hodl,Risk Appetite Returning to Crypto Markets Following Mass Liquidations and Deleveraging: Bitfinex,,0.38887623,1 stars,https://dailyhodl.com/2024/08/26/risk-appetite-returning-to-crypto-markets-following-mass-liquidations-and-deleveraging-bitfinex/
2024-08-26,Daily-Hodl,TON Blockchain Issues Statement Following Arrest of Telegram Founder Pavel Durov,,0.24375716,2 stars,https://dailyhodl.com/2024/08/26/ton-blockchain-issues-statement-following-arrest-of-telegram-founder-pavel-durov/
2024-08-26,Daily-Hodl,Russia To Launch New Cryptocurrency Trial for Cross-Border Payments To Overcome Sanctions: Report,,0.3601856,1 stars,https://dailyhodl.com/2024/08/26/russia-to-launch-new-cryptocurrency-trial-for-cross-border-payments-to-overcome-sanctions-report/
2024-08-26,Daily-Hodl,How DePIN Association Is Advancing the Decentralized Physical Infrastructure Networks Ecosystem,,0.30053154,4 stars,https://dailyhodl.com/2024/08/26/how-depin-association-is-advancing-the-decentralized-physical-infrastructure-networks-ecosystem/
2024-08-26,Daily-Hodl,"PlanB Says Bitcoin Explosion to $500,000 Still on Track As Indicator Suggests 7–10x Rallies From Here",,0.288523,2 stars,https://dailyhodl.com/2024/08/26/planb-says-bitcoin-explosion-to-500000-still-on-track-as-indicator-suggests-7-10x-rallies-from-here/
2024-08-26,Daily-Hodl,"Kraken Says Exchange Will Win Against SEC, Urges Congress To Pass Comprehensive Regulatory Framework for Crypto",,0.37365842,1 stars,https://dailyhodl.com/2024/08/26/kraken-says-exchange-will-win-against-sec-urges-congress-to-pass-comprehensive-regulatory-framework-for-crypto/
2024-08-26,Daily-Hodl,"Next Crypto Rally Will Be the Real Breakout, Says Trader That Called 2022 Collapse",,0.35025638,1 stars,https://dailyhodl.com/2024/08/26/next-crypto-rally-will-be-the-real-breakout-says-trader-that-called-2022-collapse/
2024-08-26,Daily-Hodl,"Here’s the Most Likely Scenario for Ethereum This Year, According to Analyst Benjamin Cowen",,0.2839006,2 stars,https://dailyhodl.com/2024/08/26/heres-the-most-likely-scenario-for-ethereum-this-year-according-to-analyst-benjamin-cowen/
2024-08-26,Decrypt,Apple Robot Rumors Swell—But Would One Actually Sell?,,0.4410945,4 stars,https://decrypt.co/246500/apple-robot-ibot-rumor-glowtime
2024-08-26,Decrypt,AI Might Help You Avoid Getting Rekt on Coinbase the Next Time Bitcoin Crashes,,0.24979512,3 stars,https://decrypt.co/246491/coinbase-ai-machine-learning-combat-outages
2024-08-26,Decrypt,Here Are Today's ‘Hamster Kombat’ Daily Combo and Cipher Code,,0.5128236,1 stars,https://decrypt.co/resources/todays-hamster-kombat-daily-combo-cipher-code
2024-08-26,Decrypt,"Crypto Firm Abra Settles SEC Charges, Agrees to Pay Unspecified Fine",,0.34285122,4 stars,https://decrypt.co/246486/crypto-firm-abra-settles-sec-charges-agrees-pay-fine
2024-08-26,Decrypt,Crypto Bettors Still Have $6 Million Riding on Whether RFK Jr. Officially 'Dropped Out',,0.38907972,1 stars,https://decrypt.co/246482/crypto-bettors-6-million-rfk-jr-officially-dropped-out
2024-08-26,Decrypt,Does Ethereum's Founder Even Like DeFi? Vitalik Buterin Clears the Air,,0.48987862,3 stars,https://decrypt.co/246483/does-ethereums-founder-even-like-defi-vitalik-buterin-clears-the-air
2024-08-26,Decrypt,Here Are Today’s ‘Rocky Rabbit’ Enigma and SuperSet Daily Combo Solutions,,0.4109982,5 stars,https://decrypt.co/resources/here-are-todays-rocky-rabbit-enigma-superset-daily-combo-solutions
2024-08-26,Decrypt,Telegram CEO Remains in Custody as French President Macron Denies 'Political' Move,,0.3643866,1 stars,https://decrypt.co/246459/telegram-ceo-custody-french-president-macron-political
2024-08-26,Decrypt,Esports Team Complexity to Build Fan App on Sonic in Sponsorship Deal,,0.29787332,1 stars,https://decrypt.co/246454/esports-team-complexity-fan-app-sonic-sponsorship
2024-08-26,Decrypt,Tron Jumps Into Top 10 on Meme Coin Hype as Telegram-Linked TON Falls,,0.3496472,1 stars,https://decrypt.co/246453/tron-jumps-top-10-meme-coin-hype-telegram-ton-falls
2024-08-26,Decrypt,FOMO HOUR 187 - AI TOKENS LEADING,,0.69983155,1 stars,https://decrypt.co/videos/interviews/M7IhK60K/fomo-hour-187-ai-tokens-leading
2024-08-26,Decrypt,"Bitcoin ETF Gains Spike, Setting Five-Week High as Fed Signals Rate Cuts Near",,0.4582613,1 stars,https://decrypt.co/246449/bitcoin-etf-gains-spike-five-week-high-fed-rate-cuts
2024-08-26,Decrypt,Trump Family Crypto Project Warns of 'Scams and Fake Tokens' as It Preps 'World Liberty Financial' Launch,,0.37007776,1 stars,https://decrypt.co/246446/trump-family-crypto-project-warns-scams-world-liberty
2024-08-26,Decrypt,Here Are Today’s ‘X Empire’ Elon Musk Game Daily Combo and Riddle,,0.22788502,3 stars,https://decrypt.co/resources/todays-musk-empire-stock-exchange-daily-combo
2024-08-26,Decrypt,"Institutional Bitcoin Miner Investors Mostly Care About AI Data Center Potential—Not BTC, Says Bernstein",,0.39929307,3 stars,https://decrypt.co/246408/institutional-bitcoin-miner-investors-mostly-care-about-ai-data-center-potential-not-btc-says-bernstein
2024-08-26,Decrypt,MacOS Malware 'Cthulu Stealer' Is Draining Crypto Wallets—Here's How to Spot It,,0.77037954,1 stars,https://decrypt.co/246402/macos-malware-cthulu-stealer-is-draining-crypto-wallets-heres-how-to-spot-it
2024-08-26,Decrypt,"Bitcoin Above $64,000 Could 'Buck its Historical September Weakness' and Soar to New Heights, Analysts Say",,0.3658502,3 stars,https://decrypt.co/246398/bitcoin-above-64000-buck-historical-september-weakness-soar-new-heights
2024-08-26,Decrypt,Polymarket Punters Give Low Odds Telegram Founder Pavel Durov Goes Free This Month,,0.41587752,2 stars,https://decrypt.co/246395/polymarket-punters-give-low-odds-telegram-founder-pavel-durov-wont-go-free-anytime-soon
2024-08-26,Decrypt,Telegram Responds to Founder and CEO Pavel Durov's Arrest in France,,0.7832015,1 stars,https://decrypt.co/246391/telegram-responds-to-founder-and-ceo-pavel-durovs-arrest-in-france
2024-08-25,Decrypt,"This Week in Crypto Games: 'Catizen' Airdrop With HashKey, 'Ragnarok' Ronin Beta",,0.6162161,5 stars,https://decrypt.co/246099/this-week-crypto-games-catizen-airdrop-ragnarok-monster-world-beta
2024-08-25,Decrypt,Forgotten Runiverse Open Beta Billed as 'Coming Out Party' for Ethereum Franchise,,0.4414415,4 stars,https://decrypt.co/246180/forgotten-runiverse-open-beta-ethereum-ronin-game-interview
2024-08-25,Decrypt,"‘Hamster Kombat’, Other TON Games Protest Arrest of Telegram CEO Pavel Durov",,0.6050777,5 stars,https://decrypt.co/246339/hamster-kombat-ton-games-protest-arrest-telegram-ceo-pavel-durov
2024-08-25,Decrypt,Omni-Chain Approach Vital to Ethereum’s Future: Orbiter Co-Founder,,0.41978723,4 stars,https://decrypt.co/246207/omni-chain-approach-vital-to-ethereums-future-orbiter-co-founder
2024-08-25,Decrypt,Professor Coin: Is There a ‘Free Lunch’ in Cryptocurrency Markets?,,0.4119041,4 stars,https://decrypt.co/245963/professor-coin-free-lunch-cryptocurrency-markets
2024-08-25,Decrypt,‘Ragnarok: Monster World’ Beta Teases a Sharp Ethereum Riff on ‘Clash Royale’,,0.5973399,4 stars,https://decrypt.co/246292/ragnarok-monster-world-beta-preview-ethereum-clash-royale
2024-08-25,Decrypt,"This Week on Crypto Twitter: McDonald’s Gets Rugged, Bitcoin Fan RFK Backs Trump",,0.4397129,4 stars,https://decrypt.co/246248/this-week-on-crypto-twitter-mcdonalds-gets-rugged-rfk-backs-trump
2024-08-25,Decrypt,What Is ‘Bitcoin Miner’? This Free iOS and Android Game Pays Real BTC,,0.5883076,5 stars,https://decrypt.co/resources/what-is-bitcoin-miner-free-ios-android-game-pays-real-btc
2024-08-24,Decrypt,TON Price Plunges 17% After Telegram CEO Pavel Durov Arrested in France: Report,,0.55555415,1 stars,https://decrypt.co/246286/ton-price-plunges-17-telegram-ceo-pavel-durov-arrested-reports
2024-08-24,Decrypt,The Meme Coin That Became a REAL Religion!,,0.43407944,5 stars,https://decrypt.co/videos/interviews/szDuQcIw/the-meme-coin-that-became-a-real-religion
2024-08-24,Decrypt,"Vitalik Buterin Touts Ethereum’s Strength, Sets AI Event",,0.27257198,1 stars,https://decrypt.co/246205/vitalik-buterin-touts-ethereums-strength-sets-ai-event
2024-08-24,Decrypt,This Week in Coins: Sideways Days Slide into a Bitcoin Rise,,0.35769406,2 stars,https://decrypt.co/246039/this-week-in-coins-sideways-days-slide-into-a-bitcoin-rise
2024-08-23,Decrypt,How Companies Tap Virtual Reality and AI to Boost Mental Health,,0.39813882,4 stars,https://decrypt.co/246226/how-companies-are-using-virtual-reality-and-ai-for-mental-health-therapy
2024-08-23,Decrypt,"AI Could Make Coders Obsolete in Two Years, AWS Chief Predicts",,0.42082182,3 stars,https://decrypt.co/246216/ai-could-make-coders-obsolete-in-two-years-aws-chief-predicts
2024-08-23,Decrypt,"SEC Lawsuit Against Kraken Can Move Forward, Judge Rules",,0.37048724,4 stars,https://decrypt.co/246213/kraken-must-face-sec-lawsuit
2024-08-23,Decrypt,RFK Jr.’s Suspended White House Bid Creates Chaos on Polymarket,,0.42958388,1 stars,https://decrypt.co/246212/rfk-drop-out-suspend-campaign-polymarket
2024-08-23,Decrypt,"Bitcoin Bull RFK Jr. Suspends Presidential Campaign, Will Support Trump",,0.29773235,1 stars,https://decrypt.co/246192/bitcoin-bull-rfk-jr-suspends-presidential-campaign-support-trump
2024-08-23,Decrypt,"WazirX to Begin Indian Rupee Withdrawals, But Keep Users' Crypto Frozen After Hack",,0.7623059,1 stars,https://decrypt.co/246178/wazirx-indian-rupee-withdrawals-keep-users-crypto-frozen-hack
2024-08-23,Decrypt,"'Crack Head Dev' Smokes Drugs, Fakes Death, and Dreams of Making Millions With Meme Coins",,0.26230782,5 stars,https://decrypt.co/246047/crack-head-dev-solana-meme-coin
2024-08-23,Decrypt,El Salvador Now Holds $361 Million in Bitcoin as Nation Buys 1 BTC Daily,,0.35149345,2 stars,https://decrypt.co/246146/el-salvador-361-million-bitcoin-nation-buys-1-btc-daily
2024-08-23,Decrypt,FOMO HOUR 186 - AVAX LEADS PUMP,,0.6083611,1 stars,https://decrypt.co/videos/interviews/JRqyT8vz/fomo-hour-186-avax-leads-pump
2024-08-23,Decrypt,FOMO HOUR 185 - KAMALA 'SUPPORTS' CRYPTO?,,0.75696397,1 stars,https://decrypt.co/videos/interviews/u48y6NBU/fomo-hour-185-kamala-supports-crypto
2024-08-23,Decrypt,'Snow Crash' Author Neal Stephenson and Special FX Studio Wētā Debut New Metaverse Project,,0.7127561,5 stars,https://decrypt.co/246148/snow-crash-author-neal-stephenson-weta-metaverse-project
2024-08-21,Decrypt,FOMO HOUR 184 - PUNKS ARE FLYING!,,0.6605879,1 stars,https://decrypt.co/videos/interviews/ILpzl0Wk/fomo-hour-184-punks-are-flying
2024-08-20,Decrypt,FOMO HOUR 183 - WE ARE NOW SHITCOINING ON TRON,,0.74232835,1 stars,https://decrypt.co/videos/interviews/GMxAt3Zm/fomo-hour-183-we-are-now-shitcoining-on-tron
2024-08-20,Decrypt,FOMO HOUR 182 - STABLECOIN CAP NEARS ATH,,0.5068119,1 stars,https://decrypt.co/videos/interviews/3IvrurI2/fomo-hour-182-stablecoin-cap-nears-ath
2024-08-17,Decrypt,FOMO HOUR 181 - GIGA HITS $300M,,0.7671488,1 stars,https://decrypt.co/videos/interviews/J3XuCSVs/fomo-hour-181-giga-hits-300m
2024-08-15,Decrypt,This Hedge Fund Buys Meme Coins. Here’s Why.,,0.31627524,5 stars,https://decrypt.co/videos/interviews/2ONS3oez/this-hedge-fund-buys-meme-coins-heres-why
2024-08-15,Decrypt,"FOMO HOUR 180 - BTC BACK DOWN, AGAIN",,0.7982036,1 stars,https://decrypt.co/videos/interviews/sOoU4d0P/fomo-hour-180-btc-back-down-again
2024-08-14,Decrypt,"Shark Tank's Kevin O'Leary Welcomes Crypto Regulation, Slams Celebrity 'Shitcoins'",,0.29547465,3 stars,https://decrypt.co/videos/interviews/eLEvriJL/shark-tanks-kevin-oleary-welcomes-crypto-regulation-slams-celebrity-shitcoins
2024-08-14,Decrypt,FOMO HOUR 179 - PUMP FUN STILL RISING!,,0.67576385,1 stars,https://decrypt.co/videos/interviews/UUtOYPia/fomo-hour-179-pump-fun-still-rising
2024-08-13,Decrypt,FOMO HOUR 178 - TRUMP AND ELON ON X,,0.731523,1 stars,https://decrypt.co/videos/interviews/8ObLFDks/fomo-hour-178-trump-and-elon-on-x
2024-08-12,Decrypt,Deadrop Co-Creator Discusses ‘Shock’ of Dr. Disrespect Allegations & Future Plans,,0.39398336,1 stars,https://decrypt.co/videos/interviews/mwyFtmYO/deadrop-co-creator-discusses-shock-of-dr-disrespect-allegations-future-plans
2024-08-12,Decrypt,Gigachad: A Crypto Coin With An Alpha Male Mindset,,0.25434205,3 stars,https://decrypt.co/videos/interviews/RX3dVA4f/gigachad-a-crypto-coin-with-an-alpha-male-mindset
2024-08-09,Decrypt,FOMO HOUR 176 - ETH LEADS THE CHARGE,,0.35662562,2 stars,https://decrypt.co/videos/interviews/HMgaNmdV/fomo-hour-176-eth-leads-the-charge
2024-08-08,Decrypt,FOMO HOUR 175 - THE FTX SAGA CONTINUES,,0.79769313,1 stars,https://decrypt.co/videos/interviews/WFovQeUK/fomo-hour-175-the-ftx-saga-continues
2024-08-07,Decrypt,FOMO HOUR 174 - SOL BOUNCES 40%,,0.6204447,1 stars,https://decrypt.co/videos/interviews/N2snVuCq/fomo-hour-174-sol-bounces-40
2024-08-06,Decrypt,FOMO HOUR 173 - ARE WE BACK?,,0.8033718,1 stars,https://decrypt.co/videos/interviews/9C4B75Cs/fomo-hour-173-are-we-back
2024-08-05,Decrypt,FOMO HOUR 172 - A VERY RED DAY FOR BITCOIN,,0.8853997,1 stars,https://decrypt.co/videos/interviews/vKQQXn7W/fomo-hour-172-a-very-red-day-for-bitcoin
2024-08-26,NewsBTC,"Ethereum (ETH) Eyes $3,000: Data Suggests Imminent Breakout",,0.34225598,4 stars,https://www.newsbtc.com/news/ethereum/ethereum-eth-eyes-3000-data-suggests-imminent-breakout/
2024-08-26,NewsBTC,"Crypto Pundit Predicts Ethereum Price Rise To $3,000, But A Crash Could Happen First",,0.25322616,1 stars,https://www.newsbtc.com/news/ethereum/ethereum-price-rise-to-3000/
2024-08-26,NewsBTC,Solana’s Popcat Balloons 96% In A Week – The New Token To Watch?,,0.30636925,4 stars,https://www.newsbtc.com/news/solanas-popcat-balloons-96-in-a-week-the-new-token-to-watch/
2024-08-26,NewsBTC,Husky Inu or Mpeppe: Which Meme Coin Offers Better Long-Term Investment Potential?,,0.32653067,4 stars,https://www.newsbtc.com/altcoin/husky-inu-or-mpeppe-which-meme-coin-offers-better-long-term-investment-potential/
2024-08-26,NewsBTC,Mpeppe’s Rise Challenges Dogecoin’s Dominance: Can the OG Hold On?,,0.385862,4 stars,https://www.newsbtc.com/altcoin/mpeppes-rise-challenges-dogecoins-dominance-can-the-og-hold-on/
2024-08-26,NewsBTC,Ethereum’s ICO Legacy vs. Mpeppe’s 150x Innovation: Which Will Prevail?,,0.312809,4 stars,https://www.newsbtc.com/altcoin/ethereums-ico-legacy-vs-mpeppes-150x-innovation-which-will-prevail/
2024-08-26,NewsBTC,ETH Whale Accumulates Base Dawgz and Mpeppe For 1000x Returns,,0.33411467,4 stars,https://www.newsbtc.com/altcoin/eth-whale-accumulates-base-dawgz-and-mpeppe-for-1000x-returns/
2024-08-26,NewsBTC,Base Dawgz Investors Seek Higher Profits From New 100X Rival,,0.35897532,4 stars,https://www.newsbtc.com/altcoin/base-dawgz-investors-seek-higher-profits-from-new-100x-rival/
2024-08-26,NewsBTC,Here’s When Bitcoin Is Predicted To Break Its All-Time High If History Repeats,,0.337683,2 stars,https://www.newsbtc.com/news/bitcoin/new-bitcoin-all-time-high-heres-when-if-history-repeats/
2024-08-26,NewsBTC,"Bitcoin Market Update: Analyst Sees 65% Chance Of Retest Before Surge To $68,000",,0.37586743,1 stars,https://www.newsbtc.com/breaking-news-ticker/bitcoin-market-update-analyst-sees-65-chance-of-retest-before-surge-to-68000/
2024-08-26,SF-Today,10 DeFi Projects for Liquidity Mining,,0.5622695,5 stars,https://sfctoday.com/10-defi-projects-for-liquidity-mining/
2024-08-26,SF-Today,Best Tools for NFT Creation and Management,,0.36855987,5 stars,https://sfctoday.com/best-tools-for-nft-creation-and-management/
2024-08-26,SF-Today,The Future of Active vs. Passive ETFs,,0.44579527,4 stars,https://sfctoday.com/the-future-of-active-vs-passive-etfs/
2024-08-26,SF-Today,Shiba Inu Navigates Market Stability Above $0.000015 Amidst Decentralization Moves,,0.29971325,4 stars,https://sfctoday.com/shiba-inu-navigates-market-stability-above-0-000015-amidst-decentralization-moves/
2024-08-26,SF-Today,Amplify Launches New ‘Enhanced Income’ ETF Targeting US Growth,,0.30203995,4 stars,https://sfctoday.com/amplify-launches-new-enhanced-income-etf-targeting-us-growth/
2024-08-26,SF-Today,Top 10 Resources to Learn About Cryptocurrencies,,0.4607923,4 stars,https://sfctoday.com/top-10-resources-to-learn-about-cryptocurrencies/
2024-08-26,SF-Today,"Premier Energies IPO Date, Price, Allotment Details and More",,0.22545406,2 stars,https://sfctoday.com/premier-energies-ipo-date-price-allotment-details-and-more/
2024-08-26,SF-Today,"Best Performing Stocks of the Day: Honasa Consumer, BLS International and Many More",,0.37815803,4 stars,https://sfctoday.com/best-performing-stocks-of-the-day-honasa-consumer-bls-international-and-many-more/
2024-08-26,SF-Today,BTC Flirts with Resistance: Is a Breakout Above $65K Possible? Top Analysts Weigh In,,0.27904215,2 stars,https://sfctoday.com/btc-flirts-with-resistance-is-a-breakout-above-65k-possible-top-analysts-weigh-in/
2024-08-26,SF-Today,"Stock Market Update 26th Aug: Nifty Surges Above 25,000, Sensex Gains Over 670 Pts – Next Targets For Today’s Leading Gainers",,0.29956198,4 stars,https://sfctoday.com/stock-market-update-26th-aug-nifty-surges-above-25000-sensex-gains-over-670-pts-next-targets-for-todays-leading-gainers/
